<?xml version="1.0" encoding="UTF-8"?>

<atlassian-plugin key="${atlassian.plugin.key}" name="${project.name}" plugins-version="2">
  <plugin-info>
    <description>${project.description}</description>
    <version>${project.version}</version>
    <vendor name="${project.organization.name}" url="${project.organization.url}"/>
    <param name="plugin-icon">images/pluginIcon.png</param>
    <param name="plugin-logo">images/pluginLogo.png</param>
  </plugin-info>
  <!-- add our i18n resource -->
  <resource type="i18n" name="i18n" location="helloworld"/>
  <!-- add our web resources -->
  <web-resource key="helloworld-resources" name="helloworld Web Resources">
    <dependency>com.atlassian.auiplugin:ajs</dependency>
    <resource type="download" name="helloworld.css" location="/css/helloworld.css"/>
    <resource type="download" name="helloworld.js" location="/js/helloworld.js"/>
    <resource type="download" name="images/" location="/images"/>
    <context>helloworld</context>
  </web-resource>
  <web-panel name="Hello World" i18n-name-key="hello-world.name" key="hello-world" location="HW Panel" weight="1000">
    <description key="hello-world.description">The Hello World Plugin</description>
  </web-panel>
</atlassian-plugin>
